,без bn и do,"b/n, no d/0","без b/n, d=0.3","b/n, d=0.3","без b/n, d=0.5","b/n, d=0.5","без b/n, d=0.7","b/n, d=0.7"
ENC0,201.7,188.9,198.1,208.1,160.8,237.1,155.0,212.2
ENC1,160.4,113.0,164.6,115.3,141.8,133.7,151.2,142.1
ENC2,120.1,92.6,140.7,93.8,120.7,119.2,112.1,94.1
ENC3,108.2,157.0,130.8,121.7,97.8,133.5,98.8,106.9
ENC4,81.0,101.2,78.6,85.0,89.1,83.1,79.4,87.1
mean,134.28000000000003,130.54000000000002,142.56,124.78,122.04,141.32,119.29999999999998,128.48
